{
    "in":{
        "ft": 0.0833,
        "yd": 0.0277,
        "mile": 1.57828e-5,
        "mm": 25.39,
        "cm": 2.539,
        "m": 0.02539,
        "km": 2.53999544832e-5
    },
    "ft":{
        "in": 12,
        "yd": 0.33,
        "mile": 0.0001894,
        "mm": 304.8,
        "cm": 30.48,
        "m":0.3048,
        "km": 0.0003048
    },
    "yd":{
        "in": 36,
        "ft": 3,
        "mile": 0.0005681,
        "mm": 914.4,
        "cm": 91.44,
        "m": 0.9144,
        "km": 0.0009144
    },
    "mile": {
        "in": 633630,
        "ft": 5280,
        "yd": 1760,
        "mm": 1.609e+6,
        "cm": 160934,
        "m": 1609.34,
        "km": 1.60934
    },
    "mm":{
        "in": 0.03937,
        "ft": 0.00328,
        "yd": 0.00109,
        "mile": 6.2137e-7,
        "cm": 0.1,
        "m": 0.001,
        "km": 0.000001
    },
    "cm":{
        "in": 0.393701,
        "ft": 0.032808,
        "yd": 0.010936,
        "mile": 6.2137e-6,
        "mm": 10,
        "m": 0.01,
        "km": 0.00001
    },
    "m":{
        "in": 39.3701,
        "ft": 3.28084,
        "yd": 1.09361,
        "mile": 0.0006213,
        "mm": 1000,
        "cm": 100,
        "km": 0.001
    },
    "km":{
        "in": 39370.1,
        "ft": 3280.84,
        "yd": 1093.61,
        "mile": 0.6213,
        "mm": 1000000,
        "cm": 100000,
        "m": 1000
    }

}